<?xml version="1.0" encoding="utf-8"?>
<rss version="2.0" xmlns:sparkle="http://www.andymatuschak.org/xml-namespaces/sparkle"  xmlns:dc="http://purl.org/dc/elements/1.1/">
  <channel>
    <title>Music Controller's Changelog</title>
    <link>http://musiccontroller.googlecode.com/svn/trunk/MusicController/appcast.xml</link>
    <description>Most recent changes with links to updates.</description>
    <language>en</language>
		<item>
			<title>Version 0.8.4 26</title>
			<sparkle:releaseNotesLink>http://code.google.com/p/musiccontroller/source/detail?r=26</sparkle:releaseNotesLink>
			<pubDate>Tue, 30 Dec 2009 18:55:02 +0100</pubDate>
			<enclosure
				url="http://musiccontroller.googlecode.com/files/MusicController.0.8.4.26.dmg"
				sparkle:version="26"
				sparkle:shortVersionString="0.8.4"
				type="application/octet-stream"
				length="1246838"
				sparkle:dsaSignature="MCwCFEUo1OlrmxrCUdQ/hnqAfQzS8u5JAhRrn4rGsq5M3sb4FTaetgoo58YREw=="
			/>
		</item>
		<item>
			<title>Version 0.8.4 20</title>
			<sparkle:releaseNotesLink>http://code.google.com/p/musiccontroller/source/detail?r=20</sparkle:releaseNotesLink>
			<pubDate>Tue, 30 Dec 2009 14:08:31 +0100</pubDate>
			<enclosure
      url="http://musiccontroller.googlecode.com/files/MusicController 0.8.4 20.zip"
      sparkle:version="28"
      sparkle:shortVersionString="0.8.5"
      type="application/octet-stream"
      length="1580644"
      sparkle:dsaSignature="MC4CFQC11j6nM8VGpO9fHU2ugBoobuFtBwIVAI+4hwz5d+emnnj0qeUpv9CQQqPs"
			/>
      </item>
    </channel>
  </rss>